perturbation,e_distance
JUN_CEBPA,20.973788628760467
CEBPA,18.762326278352038
CEBPE_SPI1,17.317897986084553
CEBPB_CEBPA,16.82497152433786
IRF1_SET,14.681703460512487
CEBPE_CEBPA,14.45005272275566
ZC3HAV1_CEBPA,13.863969261379099
KLF1_CEBPA,12.254011681088041
AHR_FEV,11.581107083509627
FOSB_CEBPB,11.566302346782889
FOSB_CEBPE,10.593510839546115
ZBTB10_DLX2,10.412672123449743
FEV_CBFA2T3,9.990958753451155
CEBPE_CEBPB,9.955958942760065
ETS2_MAPK1,9.855542826371583
CEBPB_OSR2,9.068736506276585
FOSB_OSR2,8.845959394601017
JUN_CEBPB,8.654877786738973
DUSP9_SNAI1,7.845195141031324
IRF1,7.832498334620196
FEV_ISL2,7.760635303492107
ZBTB10_SNAI1,7.2258294249379045
CEBPE,6.898417951997994
TP73,6.876113396246636
CEBPB,6.698851573339223
ETS2_CEBPE,6.693726664891978
SGK1_S1PR2,6.693141038158592
CBL_CNN1,6.6517233095509685
CEBPB_MAPK1,6.579090980291449
UBASH3B_CNN1,6.408261676667365
DUSP9_PRTG,6.357896067484804
DUSP9_IGDCC3,6.305956882836714
DUSP9_KLF1,6.289942205189066
RHOXF2_SET,5.57513692931677
KLF1_CLDN6,5.566952963393879
FEV_MAP7D1,5.5483291248014
CNN1_UBASH3A,5.333616622309856
FEV,5.324763949831162
SPI1,5.154224944036448
ETS2_IKZF3,5.128816171057434
SET,5.084254739044743
FOXA3_FOXL2,5.07368302296201
SGK1_TBX3,5.009786870212183
IKZF3,4.800644541356849
SNAI1_DLX2,4.793671348355799
HES7,4.779675948823035
TBX3_TBX2,4.732627441554261
PRDM1_CBFA2T3,4.718762734513648
LYL1_CEBPB,4.5470270241868835
DUSP9,4.52822542918063
FOXA3_HOXB9,4.385708358505136
FOXL2_HOXB9,4.366393284695919
MAP2K3_IKZF3,4.336540765824051
KLF1_COL2A1,4.264508255279473
IGDCC3_PRTG,4.251776855916086
MAPK1,4.217685747842966
MAP2K6_IKZF3,4.183191534485433
MAPK1_IKZF3,4.180984014736758
COL2A1,4.124807205438108
IGDCC3_ZBTB25,4.117874981704006
HOXA13,3.983342957504453
CBL_UBASH3B,3.925449950288863
SET_CEBPE,3.878655434149719
ZBTB10_ELMSAN1,3.874930856926701
COL1A1,3.8682810126865625
OSR2,3.787929658491386
FOXA3_FOXA1,3.704746263354272
SET_KLF1,3.6937759183266206
CEBPB_PTPN12,3.6563407947102426
TBX3,3.633138856817702
POU3F2_FOXL2,3.6328164387900266
FOXF1_FOXL2,3.592045343376954
FOXA1_HOXB9,3.5798484418377914
SLC4A1,3.531904582978102
PTPN12_UBASH3A,3.521172623438888
CLDN6,3.5171255826501806
SAMD1_ZBTB1,3.4000989114809155
DUSP9_ETS2,3.397142385630614
PRDM1,3.391852658337756
PTPN12_ZBTB25,3.2849860615573068
SAMD1_PTPN12,3.2784672587613954
TGFBR2_PRTG,3.2066451818525223
CBL_PTPN12,3.1734135996034922
LHX1_ELMSAN1,3.150941936624262
ZBTB10,3.1309563207028486
UBASH3B_PTPN12,3.1272063614682803
RHOXF2_ZBTB25,3.0890681255021395
ETS2_MAP7D1,3.0317713575935716
CEBPE_RUNX1T1,2.955175094654889
SGK1_TBX2,2.9499599828496468
AHR_KLF1,2.931322860399826
KLF1_FOXA1,2.9229409251228855
ZBTB10_PTPN12,2.9131365517020935
PRTG,2.89783646441737
LYL1_IER5L,2.876949696112902
ETS2_PRTG,2.8743279442475647
FOXA1_FOXL2,2.8626711012141985
UBASH3B_PTPN9,2.8197415924291693
CEBPE_CNN1,2.7586409801180114
FOSB_IKZF3,2.7578024854791714
UBASH3B_ZBTB25,2.743084185117864
SAMD1_UBASH3B,2.7129988039351645
MAPK1_TGFBR2,2.7035478715248757
S1PR2,2.6739268115178696
AHR,2.6295686573758204
PTPN12_PTPN9,2.5767172370195137
BPGM_SAMD1,2.5379957307035763
FOXF1_HOXB9,2.5181636801622727
LHX1,2.4650725381740113
TGFBR2_IGDCC3,2.44554439147516
ATL1,2.417986110675958
BPGM_ZBTB1,2.411242586001663
MAPK1_PRTG,2.4103727767459624
FOXL2_MEIS1,2.4003164977010787
HOXC13,2.380850550621176
CDKN1C_CDKN1A,2.3257353434816945
RHOXF2,2.2798375954270735
CDKN1C_CDKN1B,2.2733187121645084
KLF1_TGFBR2,2.2595760028378944
FOXA3_FOXF1,2.253421129016255
IGDCC3,2.2345839000811676
FOXA1_FOXF1,2.2278928139557674
CNN1,2.2242444744331653
MIDN,2.184163999604264
CDKN1B_CDKN1A,2.1749235212979094
C3orf72_FOXL2,2.1415536174039236
CBL_PTPN9,2.1225552646803028
IGDCC3_MAPK1,2.05189868810038
ETS2_IGDCC3,2.041389064167058
CNN1_MAPK1,2.0092021266469615
KLF1,1.9936925103607575
KLF1_BAK1,1.9411665149143555
CEBPE_KLF1,1.9408946149010067
CBL_UBASH3A,1.8763116974358116
PTPN1,1.8611614652502233
POU3F2_CBFA2T3,1.858114215916201
ARID1A,1.8509800498389026
SAMD1_TGFBR2,1.8181516569787597
ETS2,1.8163457729695658
KLF1_MAP2K6,1.8098835990835749
CBL_TGFBR2,1.7735847709797437
ZBTB1,1.7718389123482847
TGFBR2_C19orf26,1.721448737854514
TBX2,1.7194997795874247
ETS2_CNN1,1.710558838161882
DUSP9_MAPK1,1.6910130787798074
FOSB,1.5976069265010828
IER5L,1.5840109883678153
NIT1,1.5600100414118767
MAP2K6_SPI1,1.5115554280253924
HNF4A,1.4775246599539074
CDKN1C,1.475197613276821
CDKN1A,1.4435257677014501
PLK4_STIL,1.439437438695217
JUN,1.384881261686047
DLX2,1.3817200894667927
UBASH3B_OSR2,1.3771093963514058
PTPN12_OSR2,1.3732338587850084
FOXO4,1.3658327360150082
C3orf72,1.3537304852841991
FOXL2,1.322169043124978
CEBPE_PTPN12,1.3205217130743776
SGK1,1.3060077895161566
TGFBR2_ETS2,1.2555647611921348
CKS1B,1.2457409373700834
MAP2K3_ELMSAN1,1.2349387059107872
BPGM,1.225622873920777
ZNF318_FOXL2,1.203166363995022
SAMD1,1.1478063348425938
CDKN1B,1.1298214769777548
ZC3HAV1_HOXC13,1.1204018454041513
ZC3HAV1_CEBPE,1.089653745037836
PTPN13,1.0748436484560724
PTPN12_SNAI1,1.0444223564596165
CITED1,1.010244209648711
FOXA3,0.9659163338032677
SNAI1,0.9626527769456406
CELF2,0.9584588464784112
PTPN12,0.950663119542769
FOSB_PTPN12,0.8926156036694639
HOXB9,0.8564544508485863
UBASH3B_UBASH3A,0.8372822229414485
SNAI1_UBASH3B,0.8186919277489562
CBL,0.7887378984441948
POU3F2,0.7482889599236042
FOXA1,0.7040912349710631
GLB1L2,0.7035693712340869
FOSB_UBASH3B,0.6968100041225682
MAP2K6_ELMSAN1,0.6946349162023928
MAP2K3_SLC38A2,0.6556439293994121
CBFA2T3,0.6549814112488885
ZBTB25,0.6108914487221924
SLC6A9,0.6056937846990547
MAP2K3,0.6001030485470036
MAP2K3_MAP2K6,0.5626261901281637
RREB1,0.5500887069190021
PTPN9,0.5387969097865888
C19orf26,0.5338273375083453
EGR1,0.5284097380674915
UBASH3B,0.4812942004416296
KIF18B_KIF2C,0.4774636533316752
KIAA1804,0.40898560820107654
TMSB4X_BAK1,0.39408044954405774
TMSB4X,0.3877121230562963
ELMSAN1,0.3752755126230696
TSC22D1,0.35457756376925076
LYL1,0.32924098798277335
MEIS1,0.3274179448501595
CNNM4,0.3202039609902485
BCL2L11_TGFBR2,0.3175456848006082
KMT2A,0.30876571082707294
FOXF1,0.29947408840783396
PLK4,0.29406038254661304
RUNX1T1,0.28651855947248706
CSRNP1,0.2854937027235902
KIF18B,0.28287470903501344
ZC3HAV1,0.2734165145155796
MAP4K5,0.25988837331238557
STIL,0.2590035471123908
MAP2K6,0.2578955587833711
ARRDC3,0.25683208517992995
BCORL1,0.256184162469264
HK2,0.2509069245094011
UBASH3A,0.24426521945738067
MAP7D1,0.22377432828885624
NCL,0.2162629020706177
SLC38A2,0.2140554943006574
KIF2C,0.19803450979256176
ZNF318,0.18677910567856415
ISL2,0.1863004502585639
MAP4K3,0.18382510399673357
BCL2L11_BAK1,0.1777437175736285
TGFBR2,0.14564360657129427
BAK1,0.14492864824112317
MAML2,0.1404761257048559
BCL2L11,0.0701903905624075
