perturbation,mean_uncertainty,max_predicted_effect
AHR,0.003517858451232314,0.662922739982605
AHR_FEV,0.008531972765922546,0.6563478708267212
AHR_KLF1,0.004125223495066166,1.387694239616394
ARID1A,0.01010898593813181,0.6284085512161255
ARRDC3,0.003940899390727282,0.24820204079151154
ATL1,0.007173839025199413,1.3006041049957275
BAK1,0.003305424703285098,0.1724817305803299
BCL2L11,0.004889915697276592,0.25835558772087097
BCL2L11_BAK1,0.004219620954245329,0.16683104634284973
BCL2L11_TGFBR2,0.006686115171760321,0.6044267416000366
BCORL1,0.005870975088328123,0.3103068768978119
BPGM,0.006938928738236427,1.5224049091339111
BPGM_SAMD1,0.009555401280522346,2.2525904178619385
BPGM_ZBTB1,0.011433021165430546,2.074333667755127
C19orf26,0.00440477579832077,0.3216119706630707
C3orf72,0.0044034915044903755,0.32187697291374207
C3orf72_FOXL2,0.006236630491912365,0.47629326581954956
CBFA2T3,0.005955137312412262,0.585277795791626
CBL,0.004240742418915033,1.0007479190826416
CBL_CNN1,0.004420581739395857,2.729238510131836
CBL_PTPN12,0.00470062717795372,2.3343653678894043
CBL_PTPN9,0.003917455207556486,1.596696138381958
CBL_TGFBR2,0.008172479458153248,1.3627852201461792
CBL_UBASH3A,0.005446865689009428,1.484502911567688
CBL_UBASH3B,0.006026063580065966,2.0127041339874268
CDKN1A,0.009916330687701702,0.21990051865577698
CDKN1B,0.0037014917470514774,0.7451439499855042
CDKN1B_CDKN1A,0.009742374531924725,0.5662171840667725
CDKN1C,0.0038061770610511303,0.6671062707901001
CDKN1C_CDKN1A,0.009565509855747223,0.5476303100585938
CDKN1C_CDKN1B,0.0038163650315254927,1.0044269561767578
CEBPA,0.010834679007530212,1.728798270225525
CEBPB,0.009413806721568108,0.8420271873474121
CEBPB_CEBPA,0.0037475284188985825,1.6754655838012695
CEBPB_MAPK1,0.009639416821300983,0.8358123898506165
CEBPB_OSR2,0.010920917615294456,1.243463158607483
CEBPB_PTPN12,0.016463257372379303,0.8060867190361023
CEBPE,0.009775734506547451,0.2943483591079712
CEBPE_CEBPA,0.012534510344266891,1.7267768383026123
CEBPE_CEBPB,0.013517162762582302,0.8048453330993652
CEBPE_CNN1,0.010683126747608185,1.2366793155670166
CEBPE_KLF1,0.010062595829367638,1.1294809579849243
CEBPE_PTPN12,0.010370507836341858,0.8927282094955444
CEBPE_RUNX1T1,0.0096962358802557,0.32993942499160767
CEBPE_SPI1,0.011271312832832336,0.2527236044406891
CELF2,0.005725446157157421,0.26146259903907776
CITED1,0.008359109051525593,0.7337462306022644
CKS1B,0.0033532739616930485,0.7301031947135925
CLDN6,0.0043840003199875355,1.4324028491973877
CNN1,0.004592364653944969,1.5566520690917969
CNN1_MAPK1,0.004963625688105822,1.606374979019165
CNN1_UBASH3A,0.008092662319540977,2.1609554290771484
CNNM4,0.0044308435171842575,1.6542742252349854
COL1A1,0.014251542277634144,0.9372669458389282
COL2A1,0.002566130366176367,1.627492904663086
CSRNP1,0.004221131093800068,0.2457805871963501
DLX2,0.008466320112347603,0.21094146370887756
DUSP9,0.006024018861353397,1.7408393621444702
DUSP9_ETS2,0.00426878547295928,1.4632867574691772
DUSP9_IGDCC3,0.0041724918410182,2.1770410537719727
DUSP9_KLF1,0.01569175533950329,2.449471950531006
DUSP9_MAPK1,0.0062362984754145145,1.723621129989624
DUSP9_PRTG,0.007941377349197865,1.8193073272705078
DUSP9_SNAI1,0.01371198333799839,1.0630161762237549
EGR1,0.00765515211969614,0.6615685820579529
ELMSAN1,0.0050282725133001804,0.513168454170227
ETS2,0.003808776382356882,0.8303389549255371
ETS2_CEBPE,0.010918277315795422,0.8151001930236816
ETS2_CNN1,0.010773557238280773,0.7491837739944458
ETS2_IGDCC3,0.013125005178153515,0.5285298824310303
ETS2_IKZF3,0.010188925080001354,2.343003511428833
ETS2_MAP7D1,0.004102323669940233,0.8327711224555969
ETS2_MAPK1,0.004353303462266922,0.8336762189865112
ETS2_PRTG,0.0076769874431192875,0.7749050855636597
FEV,0.009127420373260975,0.2723803222179413
FEV_CBFA2T3,0.010292032733559608,0.4714873433113098
FEV_ISL2,0.008772630244493484,0.311175137758255
FEV_MAP7D1,0.0091419517993927,0.27285557985305786
FOSB,0.00496345991268754,0.22522564232349396
FOSB_CEBPB,0.009515458717942238,0.8517087697982788
FOSB_CEBPE,0.009981905110180378,0.28516334295272827
FOSB_IKZF3,0.008156384341418743,2.6502327919006348
FOSB_OSR2,0.008179105818271637,1.076080083847046
FOSB_PTPN12,0.0046918438747525215,1.1040732860565186
FOSB_UBASH3B,0.003994510974735022,0.5904215574264526
FOXA1,0.004637925885617733,0.41695094108581543
FOXA1_FOXF1,0.00476624071598053,0.4289587438106537
FOXA1_FOXL2,0.00816150289028883,0.7018158435821533
FOXA1_HOXB9,0.004870180040597916,0.8043166399002075
FOXA3,0.004645593464374542,0.41661152243614197
FOXA3_FOXA1,0.008910264819860458,0.8492621183395386
FOXA3_FOXF1,0.004665819928050041,0.40372127294540405
FOXA3_FOXL2,0.009204656817018986,0.715664267539978
FOXA3_HOXB9,0.006255577318370342,0.7793212532997131
FOXF1,0.004318227991461754,0.2932188808917999
FOXF1_FOXL2,0.006294164806604385,0.4792781472206116
FOXF1_HOXB9,0.008735686540603638,0.6452308893203735
FOXL2,0.006237630732357502,0.47645989060401917
FOXL2_HOXB9,0.004766795318573713,0.9254752993583679
FOXL2_MEIS1,0.00804566964507103,0.5390785932540894
FOXO4,0.004269865807145834,0.2903814911842346
GLB1L2,0.004357033874839544,0.28535428643226624
HES7,0.002734138397499919,1.7706218957901
HK2,0.004605478141456842,0.19148071110248566
HNF4A,0.003495300654321909,0.7731730937957764
HOXA13,0.0029807062819600105,1.1762040853500366
HOXB9,0.008796964772045612,0.6360700726509094
HOXC13,0.004390839487314224,0.29136282205581665
IER5L,0.0068509262055158615,0.9663326144218445
IGDCC3,0.005916062276810408,1.1245150566101074
IGDCC3_MAPK1,0.006405296269804239,1.1174832582473755
IGDCC3_PRTG,0.009131825529038906,1.2531782388687134
IGDCC3_ZBTB25,0.009907227009534836,1.9053468704223633
IKZF3,0.007814601995050907,2.7339513301849365
IRF1,0.004715702962130308,0.2550482451915741
IRF1_SET,0.010397357866168022,0.8442949056625366
ISL2,0.0038656501565128565,0.3838496506214142
JUN,0.008616084232926369,0.1822899878025055
JUN_CEBPA,0.013434063643217087,1.6568138599395752
JUN_CEBPB,0.01203607115894556,0.8259592056274414
KIAA1804,0.004406312946230173,0.32183992862701416
KIF18B,0.005241963546723127,0.2608475983142853
KIF18B_KIF2C,0.008429874666035175,0.26305559277534485
KIF2C,0.005811640992760658,0.17245447635650635
KLF1,0.005429569166153669,1.3512356281280518
KLF1_BAK1,0.008070077747106552,1.2154197692871094
KLF1_CEBPA,0.004080034792423248,1.5204378366470337
KLF1_CLDN6,0.0035740251187235117,2.0178723335266113
KLF1_COL2A1,0.01909010298550129,1.1216992139816284
KLF1_FOXA1,0.009386115707457066,1.3342854976654053
KLF1_MAP2K6,0.005408993922173977,1.361253023147583
KLF1_TGFBR2,0.004293138161301613,1.6288121938705444
KMT2A,0.005080744158476591,0.32466965913772583
LHX1,0.004077485296875238,1.650800108909607
LHX1_ELMSAN1,0.0040228161960840225,1.6691049337387085
LYL1,0.007611605804413557,0.88407963514328
LYL1_CEBPB,0.017221149057149887,0.7163658738136292
LYL1_IER5L,0.007804019842296839,1.0726897716522217
MAML2,0.003945205360651016,0.19011858105659485
MAP2K3,0.003951153717935085,0.2958609163761139
MAP2K3_ELMSAN1,0.011305536143481731,0.7638828158378601
MAP2K3_IKZF3,0.004975578282028437,2.648690700531006
MAP2K3_MAP2K6,0.004173771012574434,0.29631948471069336
MAP2K3_SLC38A2,0.003810710972175002,0.339211642742157
MAP2K6,0.004306607414036989,0.28608617186546326
MAP2K6_ELMSAN1,0.005144829861819744,0.518337607383728
MAP2K6_IKZF3,0.007880652323365211,2.757941722869873
MAP2K6_SPI1,0.008203504607081413,0.1949150264263153
MAP4K3,0.004354732111096382,0.29106760025024414
MAP4K5,0.0035529546439647675,0.2162724733352661
MAP7D1,0.00448157824575901,0.2870296835899353
MAPK1,0.004568960051983595,0.25942936539649963
MAPK1_IKZF3,0.00818226020783186,2.6859488487243652
MAPK1_PRTG,0.008389909751713276,0.218733549118042
MAPK1_TGFBR2,0.0064121391624212265,0.574972927570343
MEIS1,0.0040543233044445515,0.32316842675209045
MIDN,0.004653149750083685,0.7913236618041992
NCL,0.009421033784747124,0.20247873663902283
NIT1,0.00891077145934105,0.652063250541687
OSR2,0.007622517179697752,1.08665931224823
PLK4,0.003988501150161028,0.20538821816444397
PLK4_STIL,0.003644544631242752,0.5022560358047485
POU3F2,0.0057843648828566074,0.4669795036315918
POU3F2_CBFA2T3,0.009583898819983006,0.4716872572898865
POU3F2_FOXL2,0.010345838032662868,0.681902289390564
PRDM1,0.004822253715246916,2.175783157348633
PRDM1_CBFA2T3,0.011147184297442436,1.431931734085083
PRTG,0.008337023667991161,0.24011583626270294
PTPN1,0.004965741187334061,1.7869303226470947
PTPN12,0.003924962133169174,1.2412946224212646
PTPN12_OSR2,0.0041921548545360565,0.9630905985832214
PTPN12_PTPN9,0.005685119424015284,2.0831665992736816
PTPN12_SNAI1,0.00471454719081521,0.4765869975090027
PTPN12_UBASH3A,0.006757961120456457,2.0020203590393066
PTPN12_ZBTB25,0.004087591543793678,2.329071521759033
PTPN13,0.0043127816170454025,0.28207293152809143
PTPN9,0.004542734939604998,0.452980101108551
RHOXF2,0.004915341269224882,0.23960313200950623
RHOXF2_SET,0.010882287286221981,0.8754709362983704
RHOXF2_ZBTB25,0.00470384769141674,1.0660970211029053
RREB1,0.005411084275692701,1.0184131860733032
RUNX1T1,0.0054082409478724,0.3078230023384094
S1PR2,0.007591103669255972,1.1541937589645386
SAMD1,0.004295140039175749,1.1856098175048828
SAMD1_PTPN12,0.005729677155613899,2.2933883666992188
SAMD1_TGFBR2,0.007211529184132814,1.5307252407073975
SAMD1_UBASH3B,0.004912559408694506,1.9389212131500244
SAMD1_ZBTB1,0.006614527199417353,1.855041265487671
SET,0.010156814940273762,0.853641152381897
SET_CEBPE,0.014175782911479473,0.7463135719299316
SET_KLF1,0.014556906186044216,1.2063844203948975
SGK1,0.00711356196552515,0.7541303038597107
SGK1_S1PR2,0.0035499967634677887,1.106338620185852
SGK1_TBX2,0.007290315814316273,1.8175151348114014
SGK1_TBX3,0.01719525083899498,2.4279868602752686
SLC38A2,0.0041322773322463036,0.32019495964050293
SLC4A1,0.007928607054054737,0.19612687826156616
SLC6A9,0.005966166965663433,0.7174477577209473
SNAI1,0.008333801291882992,0.5519572496414185
SNAI1_DLX2,0.010474223643541336,0.5485013723373413
SNAI1_UBASH3B,0.007850049994885921,0.5099976658821106
SPI1,0.008192436769604683,0.20069782435894012
STIL,0.0037022046744823456,0.23354387283325195
TBX2,0.009151048958301544,1.6996078491210938
TBX3,0.011039301753044128,2.702399253845215
TBX3_TBX2,0.013177117332816124,2.164368152618408
TGFBR2,0.006210485938936472,0.5920974016189575
TGFBR2_C19orf26,0.0062089175917208195,0.5920499563217163
TGFBR2_ETS2,0.00726718595251441,0.5368798971176147
TGFBR2_IGDCC3,0.006804752629250288,1.4162412881851196
TGFBR2_PRTG,0.008972027339041233,0.6442925333976746
TMSB4X,0.004700524732470512,1.891253113746643
TMSB4X_BAK1,0.0047272308729588985,1.9512790441513062
TP73,0.0034992240834981203,2.5142524242401123
TSC22D1,0.008397362194955349,0.19518551230430603
UBASH3A,0.0039912061765789986,0.21535566449165344
UBASH3B,0.0030630608089268208,0.7230175137519836
UBASH3B_CNN1,0.006163257639855146,2.687748432159424
UBASH3B_OSR2,0.0037264947313815355,1.030202031135559
UBASH3B_PTPN12,0.004952284041792154,2.3844425678253174
UBASH3B_PTPN9,0.004235449712723494,1.5439412593841553
UBASH3B_UBASH3A,0.00560023495927453,1.3285690546035767
UBASH3B_ZBTB25,0.003977274987846613,1.976925253868103
ZBTB1,0.006271505728363991,1.0416181087493896
ZBTB10,0.004520162474364042,0.7910105586051941
ZBTB10_DLX2,0.009171148762106895,0.7898751497268677
ZBTB10_ELMSAN1,0.011969838291406631,0.5886514782905579
ZBTB10_PTPN12,0.007577838841825724,0.8495998382568359
ZBTB10_SNAI1,0.016369210556149483,1.117130160331726
ZBTB25,0.003656272077932954,0.950224757194519
ZC3HAV1,0.004807638935744762,0.27828189730644226
ZC3HAV1_CEBPA,0.005276505835354328,1.6886961460113525
ZC3HAV1_CEBPE,0.009919995442032814,0.4510437548160553
ZC3HAV1_HOXC13,0.00495595159009099,0.27824896574020386
ZNF318,0.004804152529686689,0.3922750949859619
ZNF318_FOXL2,0.007280347868800163,0.5209970474243164
